head,child
l,a
l,per
l,engine
l,bottle
l,of
l,unit
l,model
l,and
l,capacity
l,liter
skill,quality
skill,skills
skill,acquire
skill,his
skill,communication
skill,rely
skill,pass
skill,manual
skill,work
skill,necessary
skill,advanced
skill,technical
skill,knowledge
skill,level
skill,superior
skill,her
skill,with
skill,extend
skill,managerial
skill,needed
skill,upgrade
skill,combination
skill,apply
skill,provide
skill,individual
skill,key
skill,new
skill,your
skill,mathematical
skill,strength
skill,specific
skill,administrative
skill,interpersonal
skill,confidence
skill,need
skill,ability
skill,improve
skill,personal
skill,exercise
skill,coping
skill,motor
skill,relevant
skill,application
skill,important
skill,information
skill,for
skill,required
skill,diplomatic
skill,master
skill,specialized
skill,judgment
skill,learn
skill,writing
skill,emphasis
skill,people
skill,term
skill,those
skill,combine
skill,gain
skill,library
skill,consummate
skill,to
skill,scientific
skill,particular
skill,demonstrate
skill,vocational
skill,reading
skill,teaching
skill,and
skill,practice
skill,as
skill,set
skill,focus
skill,possess
skill,technique
skill,organizational
skill,building
skill,transferable
skill,entrepreneurial
skill,special
skill,qualification
skill,demonstration
skill,hone
skill,language
skill,teach
skill,analytical
skill,marketing
skill,shortage
skill,evidence
skill,use
skill,variety
skill,craft
skill,using
skill,study
skill,update
skill,assess
skill,basic
skill,require
skill,social
skill,expertise
skill,value
skill,negotiating
skill,linguistic
skill,business
skill,considerable
skill,base
skill,test
skill,essential
skill,practical
skill,in
skill,mastery
skill,counseling
skill,degree
skill,enhance
skill,leadership
skill,whose
skill,resource
skill,our
skill,diagnostic
skill,own
skill,listening
skill,clinical
skill,training
skill,range
skill,their
skill,culinary
skill,part
skill,specialist
skill,through
skill,traditional
skill,oral
skill,type
skill,attitude
skill,military
skill,core
skill,show
skill,relate
skill,presentation
skill,the
skill,engineering
skill,match
skill,requirement
skill,tribute
skill,cognitive
skill,understanding
skill,lack
skill,life
skill,great
skill,enable
skill,course
skill,these
skill,development
skill,demand
skill,useful
skill,acquisition
skill,secretarial
skill,assessment
skill,kind
skill,equip
skill,communicative
skill,manipulative
skill,standard
skill,interviewing
skill,my
skill,verbal
skill,be
skill,upon
skill,off
skill,technology
skill,professional
skill,time
skill,computing
skill,care
skill,draw
skill,such
skill,management
skill,or
skill,depend
skill,possessed
skill,valuable
skill,developed
skill,appropriate
skill,learning
skill,display
skill,fundamental
skill,can
skill,train
skill,keyboard
skill,develop
skill,experience
skill,involved
skill,of
skill,artistic
skill,general
skill,intellectual
skill,at
skill,utilize
skill,musical
skill,acquired
skill,on
aim,mainly
aim,pursuit
aim,his
aim,declared
aim,stated
aim,with
aim,company
aim,achievement
aim,your
aim,out
aim,achieve
aim,careful
aim,specific
aim,blow
aim,project
aim,for
aim,realize
aim,primary
aim,method
aim,term
aim,eventual
aim,major
aim,to
aim,should
aim,and
aim,main
aim,set
aim,aims
aim,also
aim,kick
aim,group
aim,common
aim,principal
aim,policy
aim,support
aim,one
aim,study
aim,outline
aim,chief
aim,basic
aim,prime
aim,define
aim,clear
aim,explicit
aim,take
aim,in
aim,political
aim,whose
aim,overriding
aim,our
aim,pursue
aim,war
aim,programme
aim,center
aim,their
aim,part
aim,deliberately
aim,specifically
aim,broad
aim,ultimate
aim,the
aim,primarily
aim,a
aim,reflect
aim,research
aim,possible
aim,course
aim,must
aim,these
aim,initial
aim,immediate
aim,central
aim,overall
aim,strategic
aim,succeed
aim,its
aim,directly
aim,my
aim,plan
aim,be
aim,educational
aim,further
aim,fulfill
aim,clearly
aim,objective
aim,statement
aim,content
aim,fundamental
aim,high
aim,sole
aim,describe
aim,scheme
aim,original
aim,ambitious
aim,of
aim,general
aim,campaign
aim,at
aim,have
find,example
find,mainly
find,husband
find,attend
find,voice
find,bring
find,police
find,species
find,tell
find,her
find,allies
find,combination
find,sources
find,body
find,scientist
find,answer
find,difference
find,between
find,no
find,also
find,reference
find,detail
find,excuse
find,turn
find,murderer
find,hard
find,abnormality
find,lodgings
find,meet
find,usually
find,alternatives
find,personally
find,woman
find,eventually
find,almost
find,root
find,justification
find,net
find,commonly
find,killer
find,coin
find,mate
find,buyers
find,route
find,al
find,own
find,parallel
find,accident
find,judge
find,some
find,even
find,ask
find,reasons
find,particularly
find,corner
find,rarely
find,follow
find,space
find,correlation
find,the
find,archeological
find,backer
find,good
find,parent
find,commission
find,room
find,poll
find,instance
find,its
find,traces
find,be
find,other
find,clue
find,everywhere
find,path
find,easy
find,develop
find,again
find,deposit
find,explanation
find,have
find,expression
find,try
find,spot
find,walk
find,search
find,consistently
find,discover
find,level
find,solutions
find,concentration
find,your
find,out
find,strength
find,already
find,exactly
find,easily
find,far
find,often
find,important
find,visit
find,less
find,person
find,means
find,look
find,enter
find,people
find,think
find,ground
find,begin
find,amongst
find,surprisingly
find,and
find,wake
find,outlets
find,substitute
find,homes
find,cure
find,money
find,et
find,investigator
find,words
find,seat
find,girl
find,restaurant
find,once
find,always
find,somewhere
find,mention
find,frequently
find,do
find,their
find,suitable
find,never
find,outside
find,a
find,see
find,outlet
find,near
find,reach
find,elsewhere
find,ally
find,time
find,indeed
find,cash
find,or
find,student
find,however
find,investigation
find,write
find,leave
find,give
find,echo
find,reason
find,experience
find,treasure
find,rhythm
find,job
find,teacher
find,later
find,keys
find,little
find,per
find,by
find,his
find,sooner
find,arrive
find,examine
find,solution
find,address
find,sit
find,uses
find,donor
find,new
find,sometimes
find,come
find,reader
find,about
find,funny
find,joy
find,alone
find,enough
find,truth
find,push
find,ever
find,jobs
find,worker
find,johnson
find,taker
find,much
find,keep
find,difficulty
find,occasionally
find,subsequently
find,remains
find,switch
find,there
find,evidence
find,use
find,buyer
find,survey
find,study
find,compromise
find,man
find,excuses
find,start
find,sites
find,move
find,fulfillment
find,visitor
find,else
find,among
find,in
find,right
find,feet
find,our
find,detective
find,feel
find,lose
find,nearby
find,yet
find,instead
find,any
find,most
find,premises
find,place
find,anywhere
find,examples
find,nowhere
find,hotel
find,market
find,quite
find,location
find,dentist
find,run
find,researcher
find,pair
find,contentment
find,variation
find,cause
find,audience
find,of
find,way
find,cab
find,here
find,home
find,pay
find,open
find,somehow
find,key
find,haven
find,replacement
find,going
find,sentence
find,only
find,jury
find,seek
find,another
find,check
find,go
find,for
find,box
find,either
find,friend
find,alternative
find,publisher
find,still
find,actually
find,read
find,put
find,common
find,one
find,formula
find,proof
find,just
find,more
find,take
find,test
find,pattern
find,throughout
find,trace
find,spend
find,an
find,normally
find,successor
find,table
find,within
find,partner
find,return
find,too
find,quickly
find,finds
find,generally
find,get
find,soon
find,courage
find,finally
find,answers
find,make
find,colleague
find,invariably
find,flat
find,fossil
find,form
find,seldom
find,my
find,suddenly
find,corpse
find,analyze
find,worth
find,want
find,probably
find,sponsor
find,walker
find,ways
find,niche
find,dead
find,court
find,site
find,from
find,word
find,places
learn,lesson
learn,by
learn,skills
learn,behavior
learn,his
learn,english
learn,work
learn,german
learn,apply
learn,new
learn,already
learn,about
learn,go
learn,enough
learn,truth
learn,ever
learn,method
learn,thing
learn,people
learn,meaning
learn,rules
learn,skill
learn,much
learn,french
learn,and
learn,languages
learn,read
learn,also
learn,best
learn,ropes
learn,secret
learn,during
learn,hard
learn,language
learn,teach
learn,foreign
learn,use
learn,craft
learn,song
learn,study
learn,basics
learn,things
learn,child
learn,material
learn,more
learn,trade
learn,bit
learn,all
learn,piano
learn,early
learn,an
learn,yet
learn,understand
learn,do
learn,trick
learn,lot
learn,their
learn,through
learn,animal
learn,pupil
learn,technics
learn,very
learn,the
learn,quickly
learn,become
learn,never
learn,a
learn,get
learn,so
learn,soon
learn,make
learn,art
learn,rat
learn,fast
learn,quite
learn,my
learn,amount
learn,student
learn,habit
learn,valuable
learn,line
learn,listen
learn,ways
learn,now
learn,develop
learn,gradually
learn,of
learn,way
learn,task
learn,teacher
learn,from
learn,word
learn,have
learn,later
learn,first
learn,lessons
found,example
found,mainly
found,husband
found,attend
found,voice
found,bring
found,police
found,species
found,tell
found,her
found,allies
found,combination
found,sources
found,body
found,scientist
found,answer
found,difference
found,newly
found,between
found,institute
found,no
found,also
found,reference
found,detail
found,excuse
found,turn
found,murderer
found,hard
found,abnormality
found,lodgings
found,meet
found,party
found,city
found,usually
found,alternatives
found,personally
found,woman
found,eventually
found,almost
found,root
found,justification
found,net
found,commonly
found,killer
found,coin
found,mate
found,colony
found,university
found,order
found,buyers
found,route
found,al
found,own
found,parallel
found,accident
found,judge
found,some
found,even
found,ask
found,reasons
found,particularly
found,corner
found,association
found,rarely
found,follow
found,space
found,correlation
found,the
found,backer
found,good
found,parent
found,commission
found,club
found,room
found,poll
found,instance
found,its
found,traces
found,be
found,other
found,league
found,clue
found,everywhere
found,path
found,abbey
found,easy
found,develop
found,again
found,deposit
found,explanation
found,have
found,expression
found,try
found,father
found,spot
found,walk
found,search
found,consistently
found,discover
found,level
found,company
found,solutions
found,concentration
found,your
found,out
found,strength
found,already
found,exactly
found,easily
found,far
found,often
found,visit
found,less
found,person
found,means
found,look
found,enter
found,people
found,think
found,ground
found,begin
found,amongst
found,surprisingly
found,and
found,wake
found,outlets
found,substitute
found,homes
found,cure
found,money
found,et
found,investigator
found,words
found,seat
found,girl
found,restaurant
found,once
found,always
found,somewhere
found,mention
found,frequently
found,do
found,their
found,suitable
found,never
found,outside
found,a
found,see
found,society
found,outlet
found,college
found,near
found,reach
found,elsewhere
found,ally
found,time
found,indeed
found,cash
found,or
found,ago
found,student
found,however
found,investigation
found,write
found,leave
found,monastery
found,give
found,echo
found,reason
found,experience
found,treasure
found,rhythm
found,job
found,teacher
found,later
found,little
found,keys
found,on
found,per
found,by
found,his
found,sooner
found,arrive
found,examine
found,solution
found,address
found,sit
found,uses
found,donor
found,new
found,sometimes
found,come
found,reader
found,about
found,funny
found,joy
found,alone
found,enough
found,truth
found,push
found,ever
found,jobs
found,worker
found,johnson
found,taker
found,much
found,keep
found,difficulty
found,occasionally
found,subsequently
found,church
found,remains
found,switch
found,there
found,members
found,evidence
found,use
found,buyer
found,survey
found,study
found,compromise
found,man
found,excuses
found,start
found,sites
found,move
found,fulfillment
found,visitor
found,else
found,among
found,in
found,right
found,feet
found,our
found,detective
found,feel
found,lose
found,school
found,nearby
found,yet
found,instead
found,any
found,most
found,premises
found,place
found,anywhere
found,examples
found,nowhere
found,hotel
found,market
found,quite
found,upon
found,location
found,trust
found,dentist
found,run
found,researcher
found,pair
found,contentment
found,variation
found,cause
found,audience
found,firm
found,union
found,of
found,way
found,cab
found,here
found,home
found,pay
found,open
found,somehow
found,haven
found,key
found,replacement
found,going
found,sentence
found,only
found,jury
found,seek
found,another
found,check
found,go
found,for
found,box
found,either
found,friend
found,alternative
found,publisher
found,still
found,actually
found,read
found,put
found,journal
found,common
found,originally
found,one
found,formula
found,proof
found,just
found,more
found,take
found,well
found,test
found,pattern
found,throughout
found,trace
found,spend
found,an
found,normally
found,successor
found,table
found,within
found,partner
found,return
found,too
found,quickly
found,generally
found,get
found,soon
found,courage
found,finally
found,answers
found,make
found,colleague
found,invariably
found,flat
found,fossil
found,form
found,seldom
found,my
found,suddenly
found,corpse
found,analyze
found,worth
found,want
found,probably
found,find
found,sponsor
found,walker
found,ways
found,niche
found,dead
found,court
found,town
found,site
found,word
found,year
found,places
diagram,flow
diagram,this
diagram,form
diagram,circuit
diagram,draw
diagram,following
diagram,block
diagram,part
diagram,use
diagram,schematic
diagram,show
diagram,can
diagram,tree
diagram,the
diagram,for
diagram,look
diagram,diagrams
diagram,see
diagram,of
diagram,at
diagram,these
diagram,simple
diagram,in
diagram,showing
data,gather
data,by
data,official
data,quality
data,flow
data,suggest
data,quantitative
data,contain
data,dynamic
data,communication
data,relating
data,additional
data,examine
data,rely
data,digital
data,necessary
data,source
data,statistical
data,recorded
data,produce
data,technical
data,retrieve
data,geologic
data,with
data,obtain
data,indicate
data,apply
data,provide
data,into
data,insufficient
data,available
data,block
data,item
data,environmental
data,interpretation
data,unpublished
data,held
data,satellite
data,collected
data,personal
data,series
data,about
data,body
data,examination
data,exist
data,relevant
data,epidemiological
data,detailed
data,piece
data,information
data,for
data,relational
data,enough
data,extract
data,enter
data,comparable
data,point
data,process
data,primary
data,neuron
data,system
data,dictionary
data,those
data,preliminary
data,combine
data,mortality
data,obtained
data,between
data,concerning
data,to
data,calculate
data,population
data,scientific
data,accounting
data,map
data,presented
data,model
data,derived
data,compare
data,and
data,set
data,interchange
data,summarize
data,control
data,accuracy
data,interview
data,numerical
data,bank
data,transmission
data,weather
data,comparison
data,support
data,raw
data,hard
data,existing
data,corporate
data,shown
data,use
data,basis
data,missing
data,input
data,qualitative
data,survey
data,using
data,spatial
data,study
data,compression
data,stored
data,reliability
data,basic
data,handle
data,confirm
data,reveal
data,demographic
data,integrity
data,more
data,supply
data,linguistic
data,multimedia
data,electronic
data,base
data,aggregate
data,test
data,report
data,preparation
data,all
data,showing
data,comprehensive
data,above
data,analysis
data,element
data,our
data,transmit
data,sufficient
data,volume
data,entry
data,empirical
data,field
data,derive
data,exchange
data,financial
data,collect
data,computer
data,storage
data,reliable
data,center
data,clinical
data,experimental
data,quantity
data,range
data,comparative
data,type
data,computerised
data,store
data,manipulation
data,mass
data,show
data,relate
data,seismic
data,presentation
data,multiple
data,integrate
data,lack
data,distributed
data,research
data,service
data,incomplete
data,these
data,archive
data,acquisition
data,protection
data,kind
data,bibliographical
data,record
data,zenith
data,send
data,according
data,transfer
data,accurate
data,access
data,be
data,absence
data,international
data,amount
data,census
data,such
data,processing
data,management
data,format
data,analyze
data,objective
data,interpret
data,observational
data,valuable
data,historical
data,convert
data,factual
data,image
data,display
data,capture
data,can
data,path
data,availabilit
data,plot
data,share
data,secondary
data,sheet
data,original
data,generate
data,user
data,global
data,mobile
data,collection
data,published
data,of
data,general
data,manipulate
data,network
data,both
data,from
data,nature
data,structure
data,file
data,complex
data,present
data,on
lower,estimate
lower,quality
lower,register
lower,voice
lower,pay
lower,abnormally
lower,his
lower,profile
lower,slope
lower,latitude
lower,ridge
lower,consistently
lower,echelon
lower,tier
lower,gaze
lower,level
lower,probability
lower,her
lower,concentration
lower,shelf
lower,into
lower,key
lower,low
lower,count
lower,shot
lower,abdomen
lower,back
lower,significantly
lower,ebb
lower,body
lower,far
lower,rank
lower,layer
lower,risk
lower,rate
lower,floor
lower,cunning
lower,voltage
lower,point
lower,saxony
lower,charge
lower,earner
lower,gently
lower,murmur
lower,leg
lower,viscosity
lower,portion
lower,mortality
lower,to
lower,esteem
lower,productivity
lower,bridge
lower,age
lower,ground
lower,much
lower,limit
lower,surprisingly
lower,valuation
lower,as
lower,and
lower,chamber
lower,calorie
lower,alcohol
lower,incidence
lower,raise
lower,valley
lower,house
lower,rather
lower,branch
lower,fat
lower,gear
lower,head
lower,chance
lower,rainfall
lower,over
lower,yield
lower,panel
lower,bound
lower,profit
lower,remarkably
lower,pitch
lower,cross
lower,diet
lower,roof
lower,blood
lower,pain
lower,lashes
lower,chair
lower,lip
lower,band
lower,power
lower,note
lower,coffin
lower,wage
lower,sun
lower,moan
lower,proportion
lower,temperature
lower,overhead
lower,wall
lower,resistance
lower,hand
lower,morale
lower,value
lower,than
lower,country
lower,dangerously
lower,tax
lower,heel
lower,pressure
lower,rating
lower,turnover
lower,angle
lower,deck
lower,bit
lower,in
lower,case
lower,fertility
lower,comparatively
lower,order
lower,degree
lower,growth
lower,relatively
lower,nose
lower,score
lower,volume
lower,prevalence
lower,tide
lower,laugh
lower,percentage
lower,dose
lower,sight
lower,potency
lower,threshold
lower,jaw
lower,figure
lower,end
lower,tone
lower,down
lower,table
lower,cloud
lower,earnings
lower,part
lower,density
lower,corner
lower,ceiling
lower,salary
lower,expectation
lower,caste
lower,energy
lower,interest
lower,income
lower,whistle
lower,then
lower,mouth
lower,wages
lower,stratum
lower,very
lower,too
lower,fairly
lower,frequency
lower,the
lower,budget
lower,pretty
lower,edge
lower,class
lower,grade
lower,a
lower,intelligence
lower,generally
lower,cliff
lower,noise
lower,opinion
lower,eyes
lower,priority
lower,taxation
lower,considerably
lower,rumble
lower,limb
lower,exceptionally
lower,demand
lower,output
lower,price
lower,so
lower,turnout
lower,somewhat
lower,prices
lower,cost
lower,velocity
lower,reach
lower,intensity
lower,margin
lower,unusually
lower,storey
lower,standard
lower,heat
lower,status
lower,atmosphere
lower,water
lower,ratio
lower,amount
lower,fare
lower,or
lower,speed
lower,rung
lower,clergy
lower,content
lower,rent
lower,upper
lower,slowly
lower,altitude
lower,high
lower,division
lower,substantially
lower,hill
lower,resolution
lower,correspondingly
lower,onto
lower,denominator
lower,extremely
lower,inflation
lower,court
lower,sphincter
lower,ridiculously
lower,of
lower,arm
lower,number
lower,at
lower,again
lower,growl
lower,weight
lower,slightly
lower,artificially
lower,on
proportion,sense
proportion,estimate
proportion,average
proportion,pay
proportion,contain
proportion,receive
proportion,rise
proportion,enormous
proportion,significant
proportion,vary
proportion,fall
proportion,measure
proportion,low
proportion,manageable
proportion,out
proportion,allocate
proportion,small
proportion,for
proportion,assume
proportion,inverse
proportion,difference
proportion,decline
proportion,term
proportion,decrease
proportion,direct
proportion,to
proportion,calculate
proportion,correct
proportion,much
proportion,compare
proportion,due
proportion,and
proportion,as
proportion,grow
proportion,constant
proportion,account
proportion,rising
proportion,up
proportion,same
proportion,constitute
proportion,exact
proportion,increase
proportion,substantial
proportion,include
proportion,than
proportion,epic
proportion,remain
proportion,considerable
proportion,take
proportion,base
proportion,reduce
proportion,sizable
proportion,drop
proportion,in
proportion,similar
proportion,all
proportion,spend
proportion,equal
proportion,show
proportion,reduction
proportion,certain
proportion,a
proportion,fair
proportion,great
proportion,epidemic
proportion,make
proportion,represent
proportion,change
proportion,reach
proportion,varying
proportion,overall
proportion,form
proportion,be
proportion,such
proportion,increasing
proportion,tiny
proportion,increased
proportion,relative
proportion,devote
proportion,growing
proportion,large
proportion,variation
proportion,high
proportion,on
proportion,of
proportion,employ
proportion,number
proportion,size
proportion,fixed
people,face
people,notice
people,entitled
people,attend
people,behavior
people,voice
people,doing
people,bring
people,detain
people,primitive
people,movement
people,tell
people,german
people,express
people,different
people,respectable
people,available
people,without
people,picture
people,mind
people,you
people,family
people,confidence
people,need
people,body
people,react
people,relevant
people,creative
people,accustom
people,offer
people,say
people,charge
people,queue
people,staying
people,disabled
people,fight
people,between
people,healthy
people,oppressed
people,skill
people,keeping
people,control
people,living
people,group
people,working
people,impossible
people,colored
people,action
people,let
people,accessible
people,turn
people,smoke
people,afford
people,hard
people,irish
people,meet
people,happen
people,city
people,party
people,sale
people,hear
people,injured
people,local
people,sighted
people,plight
people,power
people,million
people,conversation
people,child
people,woman
people,generation
people,real
people,ethiopian
people,persuading
people,circle
people,proportion
people,deceive
people,complain
people,accommodation
people,health
people,country
people,accountable
people,business
people,pressure
people,entertain
people,round
people,message
people,mad
people,drink
people,vote
people,case
people,difficult
people,all
people,earn
people,vulnerable
people,wounded
people,tribal
people,score
people,christian
people,decent
people,waiting
people,cater
people,staff
people,employed
people,homeless
people,trying
people,investor
people,pack
people,after
people,pakistan
people,history
people,struggle
people,condition
people,even
people,ask
people,some
people,impose
people,handicapped
people,laboring
people,honest
people,prone
people,animal
people,explain
people,middle
people,the
people,certain
people,good
people,trained
people,blind
people,problem
people,possible
people,parent
people,enable
people,prefer
people,education
people,these
people,chosen
people,shop
people,consist
people,stop
people,club
people,total
people,empower
people,wary
people,leader
people,its
people,serve
people,interaction
people,native
people,be
people,off
people,welfare
people,care
people,elect
people,such
people,likely
people,polish
people,buying
people,other
people,surround
people,response
people,apologize
people,popular
people,displace
people,displaced
people,married
people,young
people,educated
people,ruling
people,stream
people,easy
people,worried
people,associate
people,hate
people,aware
people,allow
people,employ
people,wound
people,confuse
people,vietnamese
people,white
people,have
people,evacuate
people,religion
people,dealing
people,advice
people,meeting
people,chinese
people,able
people,idea
people,gay
people,communication
people,attract
people,english
people,knowledge
people,with
people,company
people,quarter
people,your
people,out
people,true
people,interested
people,arrested
people,situation
people,coming
people,eat
people,prevent
people,behave
people,flee
people,mill
people,how
people,important
people,visit
people,look
people,flock
people,attending
people,disadvantaged
people,unemployed
people,around
people,think
people,sure
people,sample
people,knot
people,starving
people,skilled
people,facility
people,kill
people,reassure
people,aspiration
people,death
people,amongst
people,couple
people,government
people,educate
people,as
people,handful
people,and
people,this
people,injure
people,oppress
people,shock
people,house
people,perceive
people,fat
people,seeking
people,nomadic
people,affect
people,support
people,unite
people,money
people,ordinary
people,talk
people,influential
people,hire
people,detained
people,khmer
people,shoot
people,needing
people,under
people,milling
people,than
people,surprise
people,involvement
people,willingness
people,perception
people,like
people,trapped
people,familiar
people,accept
people,will
people,deter
people,wrong
people,recruit
people,justice
people,safety
people,percentage
people,respond
people,housing
people,throng
people,do
people,deprive
people,range
people,wanting
people,normal
people,disappoint
people,infected
people,type
people,full
people,income
people,elderly
people,relate
people,massacre
people,very
people,suitable
people,carer
people,protect
people,love
people,outside
people,majority
people,a
people,frail
people,class
people,see
people,affected
people,society
people,together
people,occupy
people,life
people,convicted
people,great
people,hand
people,sharing
people,demand
people,useful
people,fool
people,race
people,enjoying
people,join
people,helping
people,frighten
people,travel
people,fate
people,time
people,or
people,compose
people,old
people,depend
people,list
people,contact
people,demonstrated
people,buy
people,worry
people,eligible
people,write
people,listen
people,view
people,position
people,leave
people,persuade
people,give
people,rescue
people,expect
people,world
people,would
people,depressed
people,reaction
people,reason
people,scheme
people,experience
people,sort
people,event
people,play
people,job
people,friendly
people,on
people,by
people,sovereignty
people,flow
people,story
people,british
people,invest
people,entering
people,impaired
people,enthusiasm
people,consume
people,single
people,commit
people,apply
people,into
people,hearing
people,come
people,sorry
people,remind
people,about
people,assume
people,realize
people,mix
people,used
people,enough
people,tend
people,impress
people,feed
people,discourage
people,learn
people,expose
people,to
people,population
people,keep
people,appreciate
people,eritrean
people,ensure
people,call
people,regard
people,provision
people,traveling
people,culture
people,overweight
people,over
people,employment
people,use
people,speak
people,survey
people,environment
people,team
people,man
people,urge
people,move
people,dying
people,suffering
people,alienate
people,telling
people,horde
people,among
people,caring
people,burden
people,in
people,advise
people,right
people,encourage
people,unable
people,appeal
people,intelligent
people,design
people,palestinian
people,consult
people,our
people,feel
people,lose
people,laugh
people,deaf
people,proud
people,belong
people,arrest
people,center
people,understand
people,innocent
people,lot
people,training
people,influence
people,interest
people,mass
people,show
people,most
people,aim
people,become
people,prepare
people,place
people,feeling
people,mongolian
people,cent
people,mislead
people,bereaved
people,service
people,course
people,accommodate
people,many
people,several
people,force
people,kind
people,desire
people,characteristic
people,effect
people,equip
people,infect
people,hold
people,send
people,nice
people,bunch
people,unity
people,indigenous
people,across
people,involve
people,trust
people,wealthy
people,black
people,run
people,attention
people,sell
people,boat
people,load
people,inside
people,murder
people,cause
people,share
people,audience
people,charged
people,rich
people,involved
people,knowledgeable
people,union
people,minority
people,of
people,live
people,few
people,busy
people,way
people,network
people,concerned
people,choose
people,acceptable
people,object
people,stay
people,incline
people,benefit
people,willing
people,gather
people,goods
people,register
people,getting
people,home
people,relation
people,entitle
people,pay
people,interesting
people,jewish
people,portrait
people,work
people,rely
people,aged
people,open
people,killed
people,communicate
people,advancement
people,car
people,sick
people,provide
people,wish
people,against
people,participate
people,going
people,only
people,inform
people,seek
people,another
people,ability
people,bad
people,land
people,responsible
people,for
people,activity
people,belief
people,know
people,invite
people,poor
people,fleeing
people,category
people,representation
people,thing
people,representative
people,those
people,fill
people,crowd
people,laughing
people,crowded
people,every
people,help
people,organization
people,read
people,put
people,interview
people,common
people,dance
people,influx
people,dependent
people,circumstance
people,one
people,having
people,shortage
people,teach
people,qualified
people,discrimination
people,variety
people,talented
people,behalf
people,convince
people,mean
people,killing
people,civilized
people,deal
people,talking
people,forget
people,exclude
people,believe
people,more
people,introduce
people,concern
people,treatment
people,take
people,recognize
people,repatriation
people,retired
people,opt
people,ill
people,warn
people,throughout
people,expected
people,estimated
people,nation
people,towards
people,question
people,spend
people,assist
people,treat
people,press
people,army
people,within
people,clever
people,needy
people,lay
people,attitude
people,hurt
people,touch
people,name
people,engaged
people,eye
people,famous
people,susceptible
people,intend
people,upset
people,iraqi
people,opinion
people,get
people,close
people,attractive
people,make
people,opportunity
people,suffer
people,standard
people,status
people,inhabit
people,my
people,professional
people,percent
people,community
people,relationship
people,watch
people,enjoy
people,connected
people,die
people,front
people,image
people,want
people,walking
people,motivate
people,find
people,train
people,scare
people,long
people,encouraging
people,dead
people,number
people,at
people,participation
people,con
people,town
people,from
people,year
people,sensible
people,tendency
people,away
people,present
people,sitting
cook,always
cook,add
cook,and
cook,as
cook,by
cook,cover
cook,onion
cook,rice
cook,in
cook,be
cook,meal
cook,assistant
cook,tonight
cook,frank
cook,book
cook,over
cook,dish
cook,roger
cook,pasta
cook,thomas
cook,up
cook,eat
cook,meals
cook,robin
cook,the
cook,for
cook,captain
cook,a
cook,good
cook,chicken
cook,say
cook,potato
cook,vegetable
cook,spokesman
cook,peter
cook,until
cook,stirring
cook,island
cook,meat
cook,report
cook,supper
order,random
order,payment
order,suggest
order,bring
order,placed
order,code
order,making
order,necessary
order,tell
order,different
order,available
order,consider
order,need
order,catalog
order,body
order,ignore
order,point
order,release
order,say
order,term
order,semblance
order,interim
order,carry
order,discipline
order,skill
order,pecking
order,control
order,also
order,working
order,shout
order,turn
order,special
order,sign
order,existing
order,threat
order,up
order,power
order,orange
order,issue
order,social
order,country
order,defy
order,reduce
order,defiance
order,dispatch
order,case
order,add
order,resource
order,judge
order,possession
order,condition
order,ask
order,impose
order,inquiry
order,pursuant
order,follow
order,middle
order,enforcement
order,commander
order,drinks
order,the
order,given
order,good
order,problem
order,reverse
order,possible
order,cost
order,mobilization
order,restriction
order,be
order,ascending
order,off
order,wine
order,care
order,draw
order,such
order,uphold
order,aside
order,comply
order,subject
order,manipulate
order,have
order,steal
order,standing
order,pint
order,defendant
order,with
order,company
order,out
order,situation
order,requiring
order,cancel
order,application
order,important
order,visit
order,area
order,enter
order,think
order,direct
order,seem
order,kill
order,government
order,and
order,practice
order,restraining
order,house
order,challenge
order,monastic
order,trial
order,meal
order,bank
order,support
order,secure
order,postal
order,execution
order,under
order,increase
order,confirm
order,bark
order,tall
order,accept
order,statutory
order,occur
order,wrong
order,vision
order,servant
order,found
order,do
order,chronological
order,export
order,full
order,decree
order,a
order,class
order,immediately
order,see
order,consent
order,life
order,priority
order,hand
order,removal
order,beer
order,cheque
order,travel
order,international
order,time
order,or
order,old
order,list
order,investigation
order,contact
order,buy
order,write
order,act
order,leave
order,week
order,moral
order,give
order,running
order,receipt
order,world
order,religious
order,execute
order,on
order,sense
order,by
order,maintain
order,his
order,examine
order,bottle
order,receive
order,obtain
order,apply
order,new
order,purchase
order,come
order,compensation
order,men
order,about
order,rank
order,deportation
order,day
order,process
order,withdrawal
order,bulk
order,collapse
order,learn
order,appear
order,to
order,correct
order,made
order,breach
order,particular
order,should
order,keep
order,win
order,raise
order,call
order,maintenance
order,alphabetical
order,use
order,same
order,environment
order,study
order,perfect
order,supervision
order,tree
order,banning
order,move
order,include
order,public
order,period
order,in
order,right
order,political
order,appeal
order,bankruptcy
order,establish
order,school
order,retrial
order,draft
order,arrest
order,understand
order,paper
order,adopt
order,become
order,place
order,natural
order,winding
order,service
order,disobey
order,yesterday
order,force
order,change
order,discovery
order,king
order,hold
order,send
order,according
order,data
order,plan
order,compliance
order,run
order,sell
order,principle
order,murder
order,enforce
order,restore
order,perform
order,preservation
order,firm
order,adoption
order,of
order,way
order,date
order,rescind
order,choose
order,shall
order,may
order,stability
order,goods
order,proper
order,pay
order,work
order,past
order,preserve
order,vary
order,arrange
order,provide
order,marching
order,against
order,low
order,authority
order,seek
order,discharge
order,go
order,detention
order,information
order,for
order,rate
order,activity
order,know
order,accordance
order,offense
order,create
order,judgment
order,system
order,specify
order,organization
order,administration
order,set
order,put
order,state
order,numerical
order,policy
order,mail
order,troop
order,obey
order,repeat
order,strict
order,require
order,review
order,logical
order,introduce
order,take
order,essential
order,breakfast
order,holy
order,an
order,member
order,grant
order,army
order,return
order,lay
order,copy
order,sought
order,probation
order,get
order,residence
order,make
order,protection
order,council
order,form
order,secretary
order,fulfill
order,closure
order,book
order,processing
order,community
order,analyze
order,committal
order,issued
order,constitutional
order,law
order,want
order,high
order,find
order,magistrate
order,court
order,descending
order,from
order,word
order,year
order,file
order,economic
order,present
order,established
popular,meeting
popular,mythology
popular,sovereignty
popular,revolt
popular,spot
popular,movement
popular,usage
popular,imagination
popular,destination
popular,with
popular,success
popular,approval
popular,series
popular,less
popular,resort
popular,belief
popular,method
popular,universally
popular,amongst
popular,taste
popular,fiction
popular,science
popular,entertainment
popular,culture
popular,support
popular,party
popular,especially
popular,song
popular,sentiment
popular,more
popular,pressure
popular,among
popular,artist
popular,perception
popular,myth
popular,hostility
popular,in
popular,vote
popular,will
popular,newspaper
popular,appeal
popular,route
popular,literature
popular,immensely
popular,misconception
popular,referendum
popular,tradition
popular,uprising
popular,figure
popular,theater
popular,press
popular,election
popular,paper
popular,mandate
popular,tune
popular,protest
popular,particularly
popular,music
popular,expectation
popular,attitude
popular,hugely
popular,option
popular,show
popular,very
popular,least
popular,most
popular,attraction
popular,place
popular,name
popular,pastime
popular,venue
popular,opinion
popular,so
popular,demand
popular,unrest
popular,art
popular,form
popular,highly
popular,conception
popular,increasingly
popular,consciousness
popular,magazine
popular,democracy
popular,book
popular,discontent
popular,medium
popular,front
popular,view
popular,film
popular,alliance
popular,image
popular,subject
popular,enormously
popular,extremely
popular,choice
popular,capitalism
popular,event
popular,participation
popular,sport
reason,compelling
reason,sense
reason,strange
reason,voice
reason,suggest
reason,additional
reason,work
reason,examine
reason,necessary
reason,discover
reason,stated
reason,technical
reason,advanced
reason,obscure
reason,with
reason,fear
reason,different
reason,provide
reason,twofold
reason,legitimate
reason,come
reason,your
reason,out
reason,true
reason,without
reason,environmental
reason,specific
reason,only
reason,administrative
reason,another
reason,need
reason,personal
reason,go
reason,important
reason,less
reason,lie
reason,for
reason,commercial
reason,look
reason,enough
reason,know
reason,inexplicable
reason,pragmatic
reason,primary
reason,say
reason,theoretical
reason,known
reason,major
reason,people
reason,think
reason,to
reason,seem
reason,kill
reason,particular
reason,age
reason,every
reason,much
reason,due
reason,and
reason,as
reason,main
reason,set
reason,this
reason,no
reason,call
reason,put
reason,that
reason,state
reason,identify
reason,common
reason,security
reason,principal
reason,complex
reason,stand
reason,support
reason,one
reason,special
reason,outlined
reason,hard
reason,happen
reason,ethical
reason,use
reason,variety
reason,same
reason,being
reason,valid
reason,cite
reason,outline
reason,chief
reason,exact
reason,power
reason,prime
reason,related
reason,clear
reason,real
reason,sentimental
reason,believe
reason,include
reason,logical
reason,convincing
reason,health
reason,obvious
reason,more
reason,various
reason,take
reason,understandable
reason,like
reason,base
reason,fact
reason,in
reason,right
reason,practical
reason,similar
reason,political
reason,occur
reason,usual
reason,wrong
reason,sufficient
reason,lose
reason,explore
reason,unclear
reason,safety
reason,financial
reason,tactical
reason,understand
reason,plausible
reason,do
reason,some
reason,ask
reason,any
reason,following
reason,reasons
reason,lot
reason,esthetic
reason,part
reason,legal
reason,explain
reason,genuine
reason,pressing
reason,very
reason,the
reason,given
reason,name
reason,good
reason,close
reason,see
reason,lack
reason,get
reason,possible
reason,these
reason,simple
reason,many
reason,several
reason,make
reason,because
reason,desire
reason,kind
reason,apparent
reason,hold
reason,strategic
reason,be
reason,unknown
reason,geographic
reason,join
reason,further
reason,earthly
reason,mentioned
reason,fail
reason,time
reason,decide
reason,ideological
reason,behind
reason,analyze
reason,likely
reason,connected
reason,historical
reason,other
reason,statement
reason,leave
reason,give
reason,want
reason,fundamental
reason,underlying
reason,discuss
reason,sole
reason,find
reason,cited
reason,discussed
reason,on
reason,humanitarian
reason,medical
reason,strong
reason,dismiss
reason,of
reason,sort
reason,reject
reason,number
reason,choose
reason,have
reason,year
reason,economic
reason,resign
reason,little
reason,may
reason,sound
mates,talk
mates,her
mates,with
mates,get
mates,old
mates,go
mates,michael
mates,find
mates,his
mates,their
mates,attract
mates,to
mates,mate
mates,my
mates,right
mates,your
mates,good
mates,all
taking,example
taking,notice
taking,catch
taking,initiative
taking,attend
taking,regular
taking,overdose
taking,doing
taking,bring
taking,necessary
taking,tell
taking,remedial
taking,her
taking,deep
taking,swing
taking,different
taking,measure
taking,consider
taking,mind
taking,blow
taking,slice
taking,personal
taking,last
taking,tack
taking,small
taking,piece
taking,risk
taking,avoid
taking,offer
taking,point
taking,release
taking,say
taking,hostages
taking,aggravated
taking,major
taking,fight
taking,tournament
taking,funeral
taking,fancy
taking,carry
taking,vow
taking,age
taking,ride
taking,notebook
taking,rap
taking,no
taking,also
taking,kick
taking,turns
taking,exams
taking,that
taking,proceed
taking,action
taking,let
taking,bite
taking,final
taking,loan
taking,turn
taking,stand
taking,second
taking,special
taking,dealer
taking,during
taking,hard
taking,step
taking,driver
taking,meet
taking,flak
taking,tablets
taking,up
taking,usually
taking,tour
taking,disciplinary
taking,settle
taking,cuttings
taking,personally
taking,conversation
taking,measures
taking,mug
taking,proportion
taking,pride
taking,unfair
taking,eventually
taking,piss
taking,currently
taking,evolution
taking,pressure
taking,effective
taking,round
taking,presidency
taking,stick
taking,all
taking,vote
taking,drink
taking,case
taking,order
taking,degree
taking,cup
taking,add
taking,leadership
taking,negotiation
taking,glass
taking,early
taking,route
taking,longer
taking,field
taking,own
taking,roll
taking,smith
taking,investor
taking,some
taking,hit
taking,ask
taking,explain
taking,follow
taking,grip
taking,space
taking,ambulance
taking,broad
taking,the
taking,match
taking,bronze
taking,good
taking,crown
taking,aback
taking,light
taking,pill
taking,these
taking,better
taking,stop
taking,puff
taking,total
taking,obviously
taking,expansion
taking,instance
taking,its
taking,transfer
taking,lift
taking,interaction
taking,be
taking,continue
taking,off
taking,care
taking,such
taking,knife
taking,draw
taking,decide
taking,session
taking,photo
taking,measurements
taking,other
taking,mickey
taking,initiatives
taking,convert
taking,swig
taking,photos
taking,path
taking,transaction
taking,easy
taking,hell
taking,develop
taking,classes
taking,along
taking,photograph
taking,allow
taking,unprecedented
taking,tally
taking,again
taking,stance
taking,rub
taking,have
taking,try
taking,conference
taking,lessons
taking,rest
taking,stroll
taking,advice
taking,tranquilizer
taking,stake
taking,months
taking,meeting
taking,revolution
taking,gulp
taking,communication
taking,walk
taking,beating
taking,pass
taking,lid
taking,shoes
taking,positions
taking,directorship
taking,apart
taking,your
taking,out
taking,whole
taking,kids
taking,bait
taking,already
taking,eat
taking,far
taking,often
taking,important
taking,twist
taking,visit
taking,less
taking,weeks
taking,drastic
taking,look
taking,enter
taking,exhibition
taking,strain
taking,baby
taking,remove
taking,thrust
taking,sample
taking,direct
taking,leaf
taking,drugs
taking,bus
taking,revenge
taking,couple
taking,corrective
taking,government
taking,risks
taking,begin
taking,peep
taking,and
taking,handful
taking,minute
taking,this
taking,unawares
taking,throw
taking,envelope
taking,challenge
taking,trial
taking,wide
taking,chance
taking,extra
taking,hat
taking,glance
taking,lead
taking,minutes
taking,pain
taking,lease
taking,moment
taking,money
taking,talk
taking,chair
taking,transformation
taking,shoot
taking,bath
taking,operation
taking,seat
taking,recognization
taking,drag
taking,centuries
taking,bow
taking,various
taking,tablet
taking,matter
taking,courses
taking,shine
taking,voting
taking,toll
taking,similar
taking,once
taking,comfort
taking,always
taking,accept
taking,beat
taking,steps
taking,decisive
taking,wedding
taking,celebration
taking,wrong
taking,dislike
taking,painkiller
taking,advantage
taking,three
taking,while
taking,do
taking,incident
taking,pace
taking,their
taking,save
taking,protest
taking,part
taking,legal
taking,throne
taking,full
taking,double
taking,six
taking,road
taking,biopsy
taking,massacre
taking,cudgels
taking,decision
taking,never
taking,love
taking,blame
taking,marriage
taking,a
taking,trouble
taking,examinations
taking,instant
taking,taxi
taking,breather
taking,immediately
taking,wheel
taking,see
taking,life
taking,great
taking,hand
taking,development
taking,leading
taking,kindly
taking,confrontation
taking,assessment
taking,reach
taking,plunge
taking,elsewhere
taking,aspirin
taking,bull
taking,join
taking,photographs
taking,fresh
taking,hang
taking,shower
taking,coat
taking,time
taking,travel
taking,break
taking,ago
taking,or
taking,student
taking,vehicle
taking,buy
taking,write
taking,position
taking,view
taking,evasive
taking,leave
taking,steroid
taking,week
taking,listen
taking,precautions
taking,moments
taking,active
taking,learning
taking,give
taking,shake
taking,running
taking,forms
taking,wipe
taking,now
taking,optimistic
taking,gradually
taking,arm
taking,cue
taking,event
taking,forever
taking,dip
taking,play
taking,weight
taking,job
taking,arms
taking,cut
taking,later
taking,little
taking,keys
taking,handkerchief
taking,first
taking,on
taking,appointment
taking,stances
taking,per
taking,sabbatical
taking,hint
taking,his
taking,tentative
taking,arrive
taking,stare
taking,examine
taking,bottle
taking,slip
taking,rise
taking,sit
taking,apply
taking,into
taking,new
taking,hearing
taking,sometimes
taking,come
taking,bag
taking,helmet
taking,careful
taking,back
taking,jacket
taking,snap
taking,notes
taking,knowingly
taking,liking
taking,debate
taking,flight
taking,wrap
taking,upstairs
taking,supplement
taking,chunk
taking,assume
taking,toss
taking,hide
taking,day
taking,shaky
taking,process
taking,ever
taking,push
taking,direction
taking,jobs
taking,critical
taking,johnson
taking,particular
taking,much
taking,shots
taking,keep
taking,win
taking,swallow
taking,pull
taking,soundings
taking,raise
taking,tough
taking,call
taking,attack
taking,completely
taking,turning
taking,over
taking,breath
taking,simply
taking,tear
taking,account
taking,unpaid
taking,use
taking,cross
taking,same
taking,snapshot
taking,team
taking,study
taking,biscuit
taking,start
taking,leap
taking,sides
taking,move
taking,days
taking,bets
taking,consultation
taking,considerable
taking,five
taking,tray
taking,lightly
taking,our
taking,fork
taking,mick
taking,feel
taking,proceedings
taking,reasonable
taking,fly
taking,arrest
taking,unusual
taking,instead
taking,board
taking,any
taking,seats
taking,hobby
taking,election
taking,training
taking,interest
taking,exam
taking,show
taking,free
taking,aim
taking,avoiding
taking,become
taking,subscription
taking,place
taking,prepare
taking,nod
taking,wash
taking,quick
taking,pleasure
taking,chairmanship
taking,specimen
taking,course
taking,simple
taking,eyes
taking,many
taking,seconds
taking,immediate
taking,several
taking,force
taking,change
taking,hour
taking,effect
taking,hold
taking,heat
taking,send
taking,medicine
taking,dog
taking,guide
taking,further
taking,gamble
taking,discussion
taking,involve
taking,spectacles
taking,run
taking,mouthful
taking,stride
taking,sell
taking,actions
taking,appropriate
taking,boat
taking,large
taking,share
taking,sheet
taking,firm
taking,jack
taking,delight
taking,choice
taking,wallet
taking,few
taking,of
taking,way
taking,children
taking,helm
taking,years
taking,lock
taking,cab
taking,samples
taking,breaks
taking,stay
taking,knock
taking,wickets
taking,oath
taking,average
taking,home
taking,pay
taking,breaths
taking,pulse
taking,seriously
taking,approach
taking,chances
taking,work
taking,rightful
taking,open
taking,pick
taking,produce
taking,trip
taking,imagination
taking,nap
taking,car
taking,cruise
taking,key
taking,shot
taking,ferry
taking,kiss
taking,keen
taking,regularly
taking,only
taking,another
taking,offensive
taking,check
taking,exercise
taking,examination
taking,go
taking,land
taking,prize
taking,for
taking,activity
taking,dive
taking,offense
taking,box
taking,big
taking,credit
taking,fill
taking,meaning
taking,medicines
taking,clothes
taking,every
taking,replace
taking,ages
taking,help
taking,photographer
taking,shift
taking,liberty
taking,heavy
taking,set
taking,responsibility
taking,actually
taking,read
taking,positive
taking,detour
taking,put
taking,duties
taking,pictures
taking,interview
taking,perspective
taking,lean
taking,pills
taking,festival
taking,peek
taking,hols
taking,decades
taking,one
taking,demonstration
taking,title
taking,journey
taking,granted
taking,meals
taking,note
taking,intercourse
taking,ceremony
taking,factors
taking,tube
taking,deal
taking,honors
taking,pains
taking,review
taking,bribes
taking,just
taking,more
taking,introduce
taking,brunt
taking,recently
taking,take
taking,test
taking,left
taking,recovery
taking,drop
taking,ill
taking,swipe
taking,pour
taking,forward
taking,squeeze
taking,sleeping
taking,orders
taking,decisions
taking,gloves
taking,dose
taking,pause
taking,exchange
taking,short
taking,holy
taking,collect
taking,an
taking,treat
taking,normally
taking,sting
taking,following
taking,press
taking,vacation
taking,return
taking,lay
taking,post
taking,attitude
taking,then
taking,smile
taking,option
taking,abroad
taking,hurry
taking,glasses
taking,too
taking,trips
taking,quickly
taking,inevitably
taking,name
taking,edge
taking,clean
taking,battle
taking,fair
taking,trophy
taking,close
taking,get
taking,theme
taking,seven
taking,slack
taking,medal
taking,liberties
taking,packet
taking,opportunity
taking,make
taking,literally
taking,council
taking,sip
taking,reins
taking,deflection
taking,form
taking,my
taking,hours
taking,professional
taking,suddenly
taking,amount
taking,four
taking,watch
taking,line
taking,shortcut
taking,dim
taking,role
taking,sniff
taking,ecstasy
taking,law
taking,precaution
taking,each
taking,probably
taking,find
taking,retirement
taking,train
taking,tumble
taking,long
taking,strong
taking,walks
taking,backwards
taking,drug
taking,court
taking,industrial
taking,mortgage
taking,holiday
taking,month
taking,career
taking,from
taking,word
taking,year
taking,patent
taking,wicket
taking,away
taking,places
taking,drive
writing,example
writing,notice
writing,by
writing,papers
writing,poem
writing,john
writing,automatic
writing,quality
writing,story
writing,his
writing,recent
writing,programs
writing,late
writing,work
writing,manual
writing,address
writing,open
writing,poems
writing,treatise
writing,english
writing,debt
writing,program
writing,tell
writing,produce
writing,correspondent
writing,her
writing,reply
writing,sit
writing,preface
writing,your
writing,style
writing,opera
writing,regularly
writing,sentence
writing,thank
writing,already
writing,aspect
writing,software
writing,series
writing,notes
writing,reader
writing,about
writing,go
writing,songs
writing,composer
writing,creative
writing,piece
writing,answer
writing,for
writing,difference
writing,sonnet
writing,know
writing,process
writing,ever
writing,say
writing,think
writing,books
writing,direct
writing,contemporary
writing,friend
writing,critical
writing,between
writing,specially
writing,to
writing,academic
writing,scientific
writing,skill
writing,pamphlet
writing,much
writing,reading
writing,prescription
writing,and
writing,as
writing,this
writing,actually
writing,read
writing,also
writing,call
writing,shakespeare
writing,that
writing,obituary
writing,put
writing,commentary
writing,memo
writing,originally
writing,sign
writing,account
writing,use
writing,speak
writing,song
writing,letters
writing,talk
writing,writer
writing,note
writing,plays
writing,cheques
writing,words
writing,screenplay
writing,extensively
writing,marx
writing,confirm
writing,critic
writing,review
writing,editorial
writing,verses
writing,memoir
writing,just
writing,reports
writing,recently
writing,take
writing,tract
writing,message
writing,report
writing,in
writing,all
writing,once
writing,lyric
writing,historian
writing,whose
writing,novel
writing,early
writing,journalist
writing,text
writing,diary
writing,imaginative
writing,draft
writing,own
writing,smith
writing,short
writing,an
writing,thesis
writing,history
writing,autobiography
writing,do
writing,poet
writing,ask
writing,down
writing,paper
writing,chapter
writing,article
writing,music
writing,type
writing,explain
writing,stories
writing,specifically
writing,developer
writing,the
writing,never
writing,letter
writing,name
writing,a
writing,good
writing,paragraph
writing,consent
writing,get
writing,these
writing,essay
writing,soon
writing,script
writing,yesterday
writing,make
writing,answers
writing,kind
writing,description
writing,speech
writing,send
writing,writings
writing,form
writing,page
writing,secretary
writing,feminist
writing,publish
writing,my
writing,be
writing,dissertation
writing,cheque
writing,off
writing,editor
writing,time
writing,essays
writing,book
writing,prose
writing,novels
writing,ago
writing,list
writing,draw
writing,or
writing,contact
writing,such
writing,column
writing,historical
writing,write
writing,applications
writing,give
writing,articles
writing,perform
writing,find
writing,on
writing,long
writing,collection
writing,of
writing,equation
writing,live
writing,number
writing,foreword
writing,introduction
writing,biography
writing,play
writing,williams
writing,textbook
writing,way
writing,have
writing,names
writing,later
writing,feature
writing,first
writing,author
apply,advice
apply,skills
apply,his
apply,code
apply,concept
apply,approach
apply,multiplier
apply,solution
apply,consistently
apply,knowledge
apply,measure
apply,doctrine
apply,mind
apply,situation
apply,argument
apply,only
apply,for
apply,rate
apply,person
apply,voltage
apply,properly
apply,point
apply,liberally
apply,charge
apply,method
apply,term
apply,learn
apply,model
apply,sanction
apply,to
apply,rules
apply,limit
apply,and
apply,as
apply,methods
apply,still
apply,technique
apply,also
apply,provision
apply,applicant
apply,policy
apply,use
apply,formula
apply,same
apply,reasoning
apply,definition
apply,principles
apply,procedure
apply,equally
apply,expertise
apply,consideration
apply,take
apply,convention
apply,comment
apply,prohibition
apply,test
apply,exception
apply,above
apply,analysis
apply,throughout
apply,longer
apply,cream
apply,brakes
apply,normally
apply,condition
apply,even
apply,particularly
apply,then
apply,technics
apply,theory
apply,the
apply,adhesive
apply,requirement
apply,clause
apply,a
apply,logic
apply,defense
apply,generally
apply,these
apply,necessarily
apply,protection
apply,exemption
apply,force
apply,rule
apply,description
apply,standard
apply,heat
apply,regulation
apply,directly
apply,restriction
apply,be
apply,technology
apply,coat
apply,student
apply,interpret
apply,directive
apply,act
apply,principle
apply,successfully
apply,law
apply,relief
apply,therefore
apply,criteria
apply,duty
apply,scheme
apply,provisions
apply,develop
apply,section
apply,strictly
apply,arrangement
apply,court
apply,equation
apply,remark
position,payment
position,bring
position,exalted
position,stated
position,her
position,different
position,weaken
position,consider
position,depending
position,neutral
position,starting
position,balance
position,threaten
position,gun
position,theological
position,between
position,corresponding
position,maneuver
position,favored
position,owe
position,impossible
position,pole
position,working
position,that
position,final
position,identical
position,equilibrium
position,stand
position,special
position,threat
position,up
position,power
position,competitive
position,woman
position,appoint
position,abuse
position,social
position,remain
position,tax
position,fortunate
position,difficult
position,enhance
position,vulnerable
position,leadership
position,above
position,whose
position,usual
position,own
position,financial
position,respective
position,prone
position,jostle
position,explain
position,deteriorate
position,elevated
position,middle
position,the
position,subordinate
position,good
position,reverse
position,entrenched
position,driving
position,modify
position,central
position,its
position,be
position,enviable
position,top
position,prominent
position,management
position,attain
position,privileged
position,preeminent
position,other
position,league
position,correctly
position,virtue
position,carefully
position,original
position,aware
position,have
position,size
position,exposed
position,justify
position,fixed
position,standing
position,positions
position,managerial
position,your
position,out
position,true
position,strength
position,supine
position,held
position,important
position,lie
position,person
position,required
position,powerful
position,remove
position,people
position,and
position,as
position,this
position,challenge
position,affect
position,support
position,secure
position,regarding
position,reiterate
position,dangerous
position,influential
position,exact
position,confirm
position,invidious
position,clarify
position,than
position,awkward
position,restate
position,similar
position,anomalous
position,accept
position,occur
position,advantage
position,sum
position,their
position,normal
position,legal
position,ideal
position,protect
position,a
position,class
position,occupy
position,desired
position,weak
position,holding
position,leading
position,safeguard
position,excellent
position,reach
position,consolidate
position,exploit
position,overall
position,undermine
position,time
position,abandon
position,cash
position,monopoly
position,retire
position,depend
position,view
position,leave
position,relative
position,moral
position,plot
position,ambiguous
position,extreme
position,senior
position,provisional
position,lowly
position,retain
position,regain
position,play
position,on
position,defensive
position,vertical
position,by
position,official
position,maintain
position,favorable
position,his
position,superior
position,rise
position,sit
position,indicate
position,apply
position,into
position,achieve
position,fix
position,fetal
position,improve
position,occupied
position,assume
position,push
position,trading
position,to
position,correct
position,cursor
position,pivotal
position,due
position,keep
position,pull
position,raise
position,attack
position,marxist
position,shown
position,same
position,perfect
position,compromise
position,man
position,start
position,define
position,clear
position,upright
position,isolated
position,move
position,permanent
position,inferior
position,static
position,in
position,right
position,political
position,our
position,establish
position,conservative
position,understand
position,unusual
position,end
position,paper
position,current
position,adopt
position,unique
position,become
position,intermediate
position,place
position,defense
position,mark
position,initial
position,force
position,change
position,hold
position,jockey
position,commanding
position,strategic
position,market
position,defend
position,statement
position,restore
position,sheltered
position,of
position,vacant
position,promote
position,stay
position,advantageous
position,rightful
position,key
position,comfortable
position,philosophical
position,character
position,bad
position,responsible
position,for
position,complicate
position,reinforce
position,relegate
position,theoretical
position,function
position,fill
position,dominant
position,reconsider
position,adjust
position,peripheral
position,shift
position,set
position,summarize
position,put
position,state
position,one
position,determine
position,lotus
position,review
position,weakness
position,negotiating
position,bargaining
position,take
position,taken
position,sustain
position,conscious
position,horizontal
position,towards
position,situate
position,strengthen
position,within
position,return
position,alter
position,sunny
position,enemy
position,reflect
position,close
position,get
position,clarification
position,make
position,because
position,my
position,geographic
position,precarious
position,adopted
position,ideological
position,constitutional
position,find
position,kneeling
position,strong
position,at
position,from
position,word
position,economic
position,complex
position,present
position,sitting
written,example
written,papers
written,poem
written,john
written,story
written,his
written,programs
written,work
written,manual
written,address
written,open
written,poems
written,treatise
written,english
written,debt
written,program
written,tell
written,produce
written,correspondent
written,her
written,reply
written,sit
written,preface
written,your
written,opera
written,regularly
written,sentence
written,thank
written,already
written,software
written,series
written,notes
written,reader
written,about
written,go
written,songs
written,composer
written,piece
written,answer
written,for
written,sonnet
written,know
written,ever
written,say
written,think
written,books
written,direct
written,friend
written,specially
written,to
written,pamphlet
written,prescription
written,and
written,as
written,this
written,actually
written,read
written,also
written,call
written,shakespeare
written,that
written,obituary
written,put
written,commentary
written,memo
written,originally
written,sign
written,account
written,speak
written,song
written,letters
written,talk
written,writer
written,note
written,plays
written,cheques
written,words
written,screenplay
written,extensively
written,marx
written,critic
written,review
written,editorial
written,verses
written,memoir
written,just
written,reports
written,recently
written,take
written,tract
written,message
written,report
written,in
written,all
written,once
written,lyric
written,historian
written,novel
written,journalist
written,text
written,diary
written,draft
written,smith
written,short
written,an
written,thesis
written,history
written,autobiography
written,do
written,poet
written,ask
written,down
written,paper
written,chapter
written,article
written,music
written,explain
written,stories
written,specifically
written,developer
written,the
written,never
written,letter
written,name
written,a
written,paragraph
written,get
written,these
written,essay
written,soon
written,script
written,yesterday
written,make
written,answers
written,description
written,send
written,page
written,secretary
written,publish
written,dissertation
written,cheque
written,off
written,editor
written,essays
written,book
written,prose
written,novels
written,ago
written,list
written,draw
written,or
written,contact
written,column
written,write
written,applications
written,give
written,articles
written,perform
written,find
written,on
written,long
written,of
written,equation
written,live
written,number
written,foreword
written,introduction
written,biography
written,play
written,williams
written,textbook
written,have
written,names
written,later
written,first
written,author
think,freud
think,by
think,seriously
think,somehow
think,despairingly
think,sit
think,could
think,before
think,sometimes
think,your
think,differently
think,only
think,need
think,ruefully
think,about
think,go
think,often
think,important
think,funny
think,answer
think,lie
think,look
think,women
think,hardly
think,enough
think,know
think,dunno
think,ever
think,say
think,thing
think,people
think,anyway
think,th
think,miserably
think,should
think,much
think,previously
think,wake
think,and
think,deeply
think,still
think,this
think,actually
think,read
think,no
think,also
think,rather
think,that
think,put
think,certainly
think,logically
think,best
think,originally
think,hard
think,there
think,yeah
think,happen
think,use
think,hear
think,same
think,talk
think,mean
think,hope
think,though
think,might
think,personally
think,start
think,believe
think,mistakenly
think,wryly
think,worst
think,just
think,more
think,sadly
think,well
think,like
think,bit
think,in
think,case
think,right
think,privately
think,once
think,always
think,possibly
think,positively
think,critically
think,all
think,will
think,grimly
think,feel
think,somewhere
think,honestly
think,wonder
think,angrily
think,rationally
think,any
think,some
think,even
think,do
think,ruth
think,aye
think,lot
think,cos
think,remember
think,through
think,erm
think,crossly
think,wistfully
think,aloud
think,then
think,smile
think,most
think,least
think,very
think,too
think,maybe
think,the
think,definitely
think,never
think,a
think,good
think,perhaps
think,generally
think,what
think,desperately
think,really
think,see
think,get
think,necessarily
think,so
think,otherwise
think,better
think,stop
think,straight
think,make
think,secretly
think,obviously
think,mother
think,longingly
think,rightly
think,quite
think,highly
think,be
think,alice
think,suddenly
think,er
think,ooh
think,clearly
think,or
think,decide
think,ahead
think,likely
think,watch
think,frankly
think,twice
think,act
think,listen
think,write
think,thoughts
think,basically
think,worth
think,wearily
think,yo
think,want
think,resentfully
think,can
think,okay
think,probably
think,therefore
think,world
think,find
think,would
think,hell
think,reason
think,long
think,carefully
think,now
think,bitterly
think,of
think,sort
think,way
think,at
think,again
think,have
think,try
think,first
help,advice
help,by
help,home
help,mothers
help,farmers
help,companies
help,employees
help,pay
help,refugees
help,learners
help,workers
help,police
help,work
help,additional
help,some
help,source
help,knowledge
help,receive
help,technical
help,her
help,with
help,needed
help,plea
help,thanks
help,obtain
help,apply
help,provide
help,measure
help,sometimes
help,come
help,students
help,out
help,available
help,without
help,your
help,any
help,family
help,only
help,thank
help,seek
help,patients
help,need
help,reader
help,improve
help,exercise
help,small
help,go
help,often
help,project
help,information
help,for
help,person
help,look
help,women
help,hardly
help,offer
help,psychiatric
help,nurse
help,customers
help,process
help,mutual
help,unemployed
help,industry
help,big
help,system
help,people
help,disabled
help,either
help,direct
help,friend
help,others
help,to
help,worker
help,facility
help,government
help,organization
help,much
help,keep
help,and
help,economy
help,teachers
help,appreciate
help,clients
help,actually
help,technique
help,urgent
help,also
help,no
help,group
help,call
help,that
help,presence
help,client
help,certainly
help,pensioner
help,shout
help,desk
help,extra
help,grateful
help,turn
help,support
help,scream
help,special
help,members
help,especially
help,families
help,thereby
help,use
help,diet
help,up
help,orphan
help,money
help,try
help,schools
help,environment
help,team
help,child
help,real
help,require
help,sufferers
help,parents
help,may
help,more
help,domestic
help,business
help,considerable
help,treatment
help,take
help,counselor
help,fact
help,reduce
help,patient
help,bit
help,possibly
help,all
help,in
help,advise
help,accept
help,encourage
help,counseling
help,practical
help,comfort
help,appeal
help,analysis
help,our
help,staff
help,towards
help,homeless
help,programme
help,financial
help,invaluable
help,self
help,voluntary
help,do
help,even
help,volunteer
help,fund
help,financially
help,ask
help,plead
help,aid
help,training
help,lot
help,managers
help,save
help,tremendous
help,their
help,particularly
help,specialist
help,through
help,return
help,association
help,victims
help,too
help,provided
help,the
help,protect
help,given
help,outside
help,encouragement
help,a
help,understanding
help,hinder
help,lack
help,really
help,together
help,get
help,great
help,course
help,groups
help,users
help,considerably
help,immediate
help,better
help,make
help,effort
help,colleague
help,kind
help,readers
help,greatly
help,neighbor
help,practitioner
help,mother
help,matters
help,form
help,firms
help,expert
help,guide
help,be
help,businesses
help,further
help,please
help,professional
help,individuals
help,cash
help,amount
help,or
help,community
help,old
help,student
help,book
help,enlist
help,hired
help,assistance
help,line
help,guidance
help,researcher
help,other
help,summon
help,cry
help,youngsters
help,give
help,guideline
help,want
help,young
help,cause
help,probably
help,charity
help,enormously
help,scheme
help,experience
help,along
help,countries
help,pupils
help,of
help,sort
help,request
help,undoubtedly
help,at
help,teacher
help,children
help,from
help,have
help,medical
help,stay
help,little
help,effectively
help,beg
